dataset,model,mean,median,std,min,max,range
breast_cancer,decision_tree,93.10526315789474,93.85964912280701,2.6653862451032824,86.8421052631579,97.36842105263158,10.526315789473683
breast_cancer,knn,96.62280701754386,96.49122807017544,1.4876796342834697,92.98245614035088,100.0,7.017543859649122
breast_cancer,random_forest,96.1842105263158,96.49122807017544,1.6178242972247119,92.10526315789473,99.12280701754386,7.017543859649134
raisin,decision_tree,81.26666666666667,81.11111111111111,2.6580012593300837,75.0,88.88888888888889,13.888888888888884
raisin,knn,85.16666666666667,85.55555555555556,2.1371190222881515,80.0,90.0,9.999999999999998
raisin,random_forest,86.08888888888889,86.11111111111111,2.24722189273588,80.0,91.11111111111111,11.111111111111116
wine,decision_tree,90.16666666666667,91.66666666666666,4.744697948581105,77.77777777777779,97.22222222222221,19.444444444444443
wine,knn,96.25,97.22222222222221,2.508714080947176,86.11111111111111,100.0,13.888888888888884
wine,random_forest,98.30555555555556,98.61111111111111,1.889144697803232,94.44444444444444,100.0,5.555555555555558
