dataset,model,seed,accuracy,macro_f1
wine,decision_tree,1,0.9444444444444444,0.9457411645054665
wine,knn,1,0.9722222222222222,0.9717813051146384
wine,random_forest,1,1.0,1.0
wine,decision_tree,2,0.9444444444444444,0.9484126984126985
wine,knn,2,0.9722222222222222,0.974320987654321
wine,random_forest,2,1.0,1.0
wine,decision_tree,3,0.9166666666666666,0.9162121448236454
wine,knn,3,0.9722222222222222,0.9717813051146384
wine,random_forest,3,1.0,1.0
wine,decision_tree,4,0.9444444444444444,0.9451526251526251
wine,knn,4,0.9722222222222222,0.9717813051146384
wine,random_forest,4,1.0,1.0
wine,decision_tree,5,0.8055555555555556,0.8113530953821334
wine,knn,5,0.9722222222222222,0.974320987654321
wine,random_forest,5,0.9722222222222222,0.974320987654321
wine,decision_tree,6,0.8611111111111112,0.8582716049382716
wine,knn,6,0.9166666666666666,0.9184859584859586
wine,random_forest,6,0.9722222222222222,0.9717813051146384
wine,decision_tree,7,0.8888888888888888,0.8930296756383713
wine,knn,7,1.0,1.0
wine,random_forest,7,1.0,1.0
wine,decision_tree,8,0.9722222222222222,0.9717813051146384
wine,knn,8,0.9722222222222222,0.9717813051146384
wine,random_forest,8,0.9722222222222222,0.974320987654321
wine,decision_tree,9,0.8888888888888888,0.8907407407407407
wine,knn,9,1.0,1.0
wine,random_forest,9,1.0,1.0
wine,decision_tree,10,0.9166666666666666,0.9153846153846154
wine,knn,10,0.9444444444444444,0.9487179487179488
wine,random_forest,10,1.0,1.0
wine,decision_tree,11,0.9166666666666666,0.9198950455317179
wine,knn,11,0.9444444444444444,0.9451526251526251
wine,random_forest,11,0.9722222222222222,0.9740129935032483
wine,decision_tree,12,0.9444444444444444,0.9451526251526251
wine,knn,12,0.9722222222222222,0.9717813051146384
wine,random_forest,12,1.0,1.0
wine,decision_tree,13,0.9166666666666666,0.9220389805097451
wine,knn,13,0.9722222222222222,0.974320987654321
wine,random_forest,13,1.0,1.0
wine,decision_tree,14,0.9166666666666666,0.9193121693121693
wine,knn,14,0.9444444444444444,0.9451526251526251
wine,random_forest,14,1.0,1.0
wine,decision_tree,15,0.9166666666666666,0.9184859584859586
wine,knn,15,1.0,1.0
wine,random_forest,15,0.9722222222222222,0.9717813051146384
wine,decision_tree,16,0.9444444444444444,0.9451526251526251
wine,knn,16,0.9722222222222222,0.974320987654321
wine,random_forest,16,0.9722222222222222,0.9717813051146384
wine,decision_tree,17,0.9444444444444444,0.9487179487179488
wine,knn,17,0.9722222222222222,0.974320987654321
wine,random_forest,17,1.0,1.0
wine,decision_tree,18,0.9166666666666666,0.9162962962962963
wine,knn,18,0.9444444444444444,0.9451526251526251
wine,random_forest,18,0.9722222222222222,0.974320987654321
wine,decision_tree,19,0.9166666666666666,0.9128856624319419
wine,knn,19,0.9444444444444444,0.9440559440559441
wine,random_forest,19,0.9722222222222222,0.9717813051146384
wine,decision_tree,20,0.8888888888888888,0.8896296296296295
wine,knn,20,0.9444444444444444,0.9487179487179488
wine,random_forest,20,0.9722222222222222,0.974320987654321
wine,decision_tree,21,0.9444444444444444,0.945824706694272
wine,knn,21,0.9722222222222222,0.9717813051146384
wine,random_forest,21,0.9722222222222222,0.9717813051146384
wine,decision_tree,22,0.8888888888888888,0.8917748917748917
wine,knn,22,0.9722222222222222,0.9717813051146384
wine,random_forest,22,0.9722222222222222,0.9717813051146384
wine,decision_tree,23,0.8611111111111112,0.865491698595147
wine,knn,23,0.9722222222222222,0.974320987654321
wine,random_forest,23,1.0,1.0
wine,decision_tree,24,0.8888888888888888,0.8846903583745688
wine,knn,24,0.9722222222222222,0.974320987654321
wine,random_forest,24,1.0,1.0
wine,decision_tree,25,0.8333333333333334,0.832010582010582
wine,knn,25,0.9166666666666666,0.9184859584859586
wine,random_forest,25,0.9444444444444444,0.9451526251526251
wine,decision_tree,26,0.8611111111111112,0.8567320261437908
wine,knn,26,0.9722222222222222,0.9717813051146384
wine,random_forest,26,1.0,1.0
wine,decision_tree,27,0.8888888888888888,0.890993265993266
wine,knn,27,0.9722222222222222,0.974320987654321
wine,random_forest,27,0.9722222222222222,0.974320987654321
wine,decision_tree,28,0.9444444444444444,0.942857142857143
wine,knn,28,1.0,1.0
wine,random_forest,28,1.0,1.0
wine,decision_tree,29,0.9722222222222222,0.974320987654321
wine,knn,29,0.9444444444444444,0.9451526251526251
wine,random_forest,29,0.9722222222222222,0.974320987654321
wine,decision_tree,30,0.8888888888888888,0.8968253968253969
wine,knn,30,0.9722222222222222,0.974320987654321
wine,random_forest,30,1.0,1.0
wine,decision_tree,31,0.9444444444444444,0.945824706694272
wine,knn,31,0.9444444444444444,0.9451526251526251
wine,random_forest,31,0.9722222222222222,0.9717813051146384
wine,decision_tree,32,0.8888888888888888,0.8948370927318295
wine,knn,32,0.9444444444444444,0.9451526251526251
wine,random_forest,32,0.9722222222222222,0.974320987654321
wine,decision_tree,33,0.9444444444444444,0.9484126984126985
wine,knn,33,1.0,1.0
wine,random_forest,33,1.0,1.0
wine,decision_tree,34,0.9722222222222222,0.974320987654321
wine,knn,34,0.9444444444444444,0.9487179487179488
wine,random_forest,34,1.0,1.0
wine,decision_tree,35,0.9722222222222222,0.9717813051146384
wine,knn,35,1.0,1.0
wine,random_forest,35,0.9722222222222222,0.9717813051146384
wine,decision_tree,36,0.8611111111111112,0.8621193789070377
wine,knn,36,0.9444444444444444,0.942857142857143
wine,random_forest,36,0.9722222222222222,0.9717813051146384
wine,decision_tree,37,0.8888888888888888,0.8948370927318295
wine,knn,37,0.9722222222222222,0.974320987654321
wine,random_forest,37,0.9444444444444444,0.9484126984126985
wine,decision_tree,38,0.8888888888888888,0.8928449328449327
wine,knn,38,0.9444444444444444,0.9487179487179488
wine,random_forest,38,1.0,1.0
wine,decision_tree,39,0.9166666666666666,0.9186466165413534
wine,knn,39,0.9722222222222222,0.974320987654321
wine,random_forest,39,1.0,1.0
wine,decision_tree,40,0.8611111111111112,0.8641975308641975
wine,knn,40,0.9444444444444444,0.9487179487179488
wine,random_forest,40,0.9722222222222222,0.974320987654321
wine,decision_tree,41,0.8888888888888888,0.8781098339719029
wine,knn,41,0.9444444444444444,0.9487179487179488
wine,random_forest,41,1.0,1.0
wine,decision_tree,42,0.9444444444444444,0.9457411645054665
wine,knn,42,0.9722222222222222,0.9717813051146384
wine,random_forest,42,1.0,1.0
wine,decision_tree,43,0.9166666666666666,0.9201956039524096
wine,knn,43,0.9444444444444444,0.9440559440559441
wine,random_forest,43,0.9722222222222222,0.9717813051146384
wine,decision_tree,44,0.8888888888888888,0.8850170502983802
wine,knn,44,0.9722222222222222,0.9717813051146384
wine,random_forest,44,1.0,1.0
wine,decision_tree,45,0.9166666666666666,0.9186466165413534
wine,knn,45,0.9444444444444444,0.9451526251526251
wine,random_forest,45,0.9722222222222222,0.974320987654321
wine,decision_tree,46,0.8611111111111112,0.8644903137656761
wine,knn,46,0.9166666666666666,0.9184859584859586
wine,random_forest,46,0.9444444444444444,0.9451526251526251
wine,decision_tree,47,0.8888888888888888,0.8846903583745688
wine,knn,47,0.9444444444444444,0.9451526251526251
wine,random_forest,47,1.0,1.0
wine,decision_tree,48,0.8055555555555556,0.810405643738977
wine,knn,48,0.9722222222222222,0.974320987654321
wine,random_forest,48,0.9444444444444444,0.9451526251526251
wine,decision_tree,49,0.9166666666666666,0.91514687100894
wine,knn,49,0.9722222222222222,0.974320987654321
wine,random_forest,49,0.9722222222222222,0.974320987654321
wine,decision_tree,50,0.9444444444444444,0.9457411645054665
wine,knn,50,1.0,1.0
wine,random_forest,50,1.0,1.0
wine,decision_tree,51,0.9444444444444444,0.942857142857143
wine,knn,51,1.0,1.0
wine,random_forest,51,1.0,1.0
wine,decision_tree,52,0.9166666666666666,0.9193121693121693
wine,knn,52,0.9444444444444444,0.9451526251526251
wine,random_forest,52,1.0,1.0
wine,decision_tree,53,0.9166666666666666,0.9193411952032641
wine,knn,53,0.9444444444444444,0.9451526251526251
wine,random_forest,53,0.9444444444444444,0.945824706694272
wine,decision_tree,54,0.8611111111111112,0.8641975308641975
wine,knn,54,0.9444444444444444,0.9487179487179488
wine,random_forest,54,0.9722222222222222,0.974320987654321
wine,decision_tree,55,0.8888888888888888,0.8885003885003885
wine,knn,55,0.9722222222222222,0.9717813051146384
wine,random_forest,55,1.0,1.0
wine,decision_tree,56,0.9166666666666666,0.9176911544227887
wine,knn,56,0.9722222222222222,0.9717813051146384
wine,random_forest,56,0.9722222222222222,0.9717813051146384
wine,decision_tree,57,0.7777777777777778,0.7825396825396825
wine,knn,57,0.9722222222222222,0.974320987654321
wine,random_forest,57,0.9722222222222222,0.974320987654321
wine,decision_tree,58,0.8888888888888888,0.8919191919191919
wine,knn,58,0.9444444444444444,0.9440559440559441
wine,random_forest,58,0.9444444444444444,0.945824706694272
wine,decision_tree,59,0.9722222222222222,0.9717813051146384
wine,knn,59,0.9444444444444444,0.9451526251526251
wine,random_forest,59,1.0,1.0
wine,decision_tree,60,0.8611111111111112,0.8620772946859904
wine,knn,60,0.9444444444444444,0.9451526251526251
wine,random_forest,60,0.9722222222222222,0.9717813051146384
wine,decision_tree,61,0.9722222222222222,0.9709618874773139
wine,knn,61,1.0,1.0
wine,random_forest,61,1.0,1.0
wine,decision_tree,62,0.9166666666666666,0.9193121693121693
wine,knn,62,0.9722222222222222,0.974320987654321
wine,random_forest,62,1.0,1.0
wine,decision_tree,63,0.9166666666666666,0.9197780776728145
wine,knn,63,1.0,1.0
wine,random_forest,63,1.0,1.0
wine,decision_tree,64,0.7777777777777778,0.7724867724867724
wine,knn,64,0.8611111111111112,0.862962962962963
wine,random_forest,64,0.9444444444444444,0.9451526251526251
wine,decision_tree,65,0.9444444444444444,0.942857142857143
wine,knn,65,0.9722222222222222,0.9717813051146384
wine,random_forest,65,1.0,1.0
wine,decision_tree,66,0.9444444444444444,0.9457411645054665
wine,knn,66,0.9444444444444444,0.9451526251526251
wine,random_forest,66,1.0,1.0
wine,decision_tree,67,0.8888888888888888,0.8878641487337139
wine,knn,67,0.9722222222222222,0.9717813051146384
wine,random_forest,67,1.0,1.0
wine,decision_tree,68,0.8333333333333334,0.8327108621226268
wine,knn,68,0.9722222222222222,0.974320987654321
wine,random_forest,68,0.9722222222222222,0.974320987654321
wine,decision_tree,69,0.9444444444444444,0.9474747474747475
wine,knn,69,1.0,1.0
wine,random_forest,69,1.0,1.0
wine,decision_tree,70,0.9444444444444444,0.9484126984126985
wine,knn,70,0.9166666666666666,0.9162962962962963
wine,random_forest,70,1.0,1.0
wine,decision_tree,71,0.8611111111111112,0.865491698595147
wine,knn,71,0.9444444444444444,0.9451526251526251
wine,random_forest,71,0.9722222222222222,0.974320987654321
wine,decision_tree,72,0.8611111111111112,0.8641975308641975
wine,knn,72,0.9722222222222222,0.9717813051146384
wine,random_forest,72,1.0,1.0
wine,decision_tree,73,0.9722222222222222,0.9740129935032483
wine,knn,73,1.0,1.0
wine,random_forest,73,1.0,1.0
wine,decision_tree,74,0.9166666666666666,0.9162121448236454
wine,knn,74,0.9722222222222222,0.9717813051146384
wine,random_forest,74,1.0,1.0
wine,decision_tree,75,0.9722222222222222,0.9717813051146384
wine,knn,75,1.0,1.0
wine,random_forest,75,1.0,1.0
wine,decision_tree,76,0.9166666666666666,0.9163636363636364
wine,knn,76,0.9722222222222222,0.9717813051146384
wine,random_forest,76,0.9722222222222222,0.9717813051146384
wine,decision_tree,77,0.7777777777777778,0.781012091356919
wine,knn,77,1.0,1.0
wine,random_forest,77,0.9722222222222222,0.9717813051146384
wine,decision_tree,78,0.8611111111111112,0.8621193789070377
wine,knn,78,0.9444444444444444,0.9453132832080201
wine,random_forest,78,1.0,1.0
wine,decision_tree,79,0.9444444444444444,0.945824706694272
wine,knn,79,1.0,1.0
wine,random_forest,79,1.0,1.0
wine,decision_tree,80,0.9166666666666666,0.9229629629629629
wine,knn,80,0.9722222222222222,0.974320987654321
wine,random_forest,80,1.0,1.0
wine,decision_tree,81,0.9166666666666666,0.9197780776728145
wine,knn,81,0.9444444444444444,0.9487179487179488
wine,random_forest,81,1.0,1.0
wine,decision_tree,82,0.8888888888888888,0.8876328502415459
wine,knn,82,0.9166666666666666,0.9163636363636364
wine,random_forest,82,0.9444444444444444,0.9451526251526251
wine,decision_tree,83,0.8055555555555556,0.810405643738977
wine,knn,83,0.9722222222222222,0.974320987654321
wine,random_forest,83,0.9722222222222222,0.974320987654321
wine,decision_tree,84,0.8888888888888888,0.8781098339719029
wine,knn,84,0.9722222222222222,0.974320987654321
wine,random_forest,84,1.0,1.0
wine,decision_tree,85,0.9166666666666666,0.9162962962962963
wine,knn,85,0.9722222222222222,0.974320987654321
wine,random_forest,85,0.9722222222222222,0.974320987654321
wine,decision_tree,86,0.9166666666666666,0.9184859584859586
wine,knn,86,0.9722222222222222,0.974320987654321
wine,random_forest,86,1.0,1.0
wine,decision_tree,87,0.9166666666666666,0.9089184060721062
wine,knn,87,0.9444444444444444,0.9451526251526251
wine,random_forest,87,0.9722222222222222,0.9717813051146384
wine,decision_tree,88,0.8888888888888888,0.8948370927318295
wine,knn,88,0.9722222222222222,0.974320987654321
wine,random_forest,88,0.9722222222222222,0.974320987654321
wine,decision_tree,89,0.7777777777777778,0.7749069643806487
wine,knn,89,0.9722222222222222,0.974320987654321
wine,random_forest,89,0.9722222222222222,0.9740129935032483
wine,decision_tree,90,0.8333333333333334,0.8375
wine,knn,90,0.9722222222222222,0.9717813051146384
wine,random_forest,90,0.9722222222222222,0.9740129935032483
wine,decision_tree,91,0.9166666666666666,0.9162121448236454
wine,knn,91,0.9444444444444444,0.9451526251526251
wine,random_forest,91,1.0,1.0
wine,decision_tree,92,0.9444444444444444,0.9451526251526251
wine,knn,92,0.9722222222222222,0.974320987654321
wine,random_forest,92,0.9722222222222222,0.974320987654321
wine,decision_tree,93,0.7777777777777778,0.775149190110827
wine,knn,93,0.9722222222222222,0.9717813051146384
wine,random_forest,93,0.9722222222222222,0.9717813051146384
wine,decision_tree,94,0.8888888888888888,0.8906371406371406
wine,knn,94,0.9166666666666666,0.9184859584859586
wine,random_forest,94,0.9444444444444444,0.9440559440559441
wine,decision_tree,95,0.9166666666666666,0.9197780776728145
wine,knn,95,0.9722222222222222,0.974320987654321
wine,random_forest,95,1.0,1.0
wine,decision_tree,96,0.9166666666666666,0.9181671790367442
wine,knn,96,0.9722222222222222,0.9717813051146384
wine,random_forest,96,0.9722222222222222,0.9717813051146384
wine,decision_tree,97,0.9444444444444444,0.945824706694272
wine,knn,97,0.9166666666666666,0.9163636363636364
wine,random_forest,97,0.9444444444444444,0.9451526251526251
wine,decision_tree,98,0.9166666666666666,0.9193411952032641
wine,knn,98,0.9444444444444444,0.9451526251526251
wine,random_forest,98,0.9444444444444444,0.945824706694272
wine,decision_tree,99,0.8888888888888888,0.8907407407407407
wine,knn,99,0.9166666666666666,0.9163636363636364
wine,random_forest,99,1.0,1.0
wine,decision_tree,100,0.8888888888888888,0.8864160401002507
wine,knn,100,0.9722222222222222,0.974320987654321
wine,random_forest,100,0.9722222222222222,0.974320987654321
breast_cancer,decision_tree,1,0.956140350877193,0.9531057178116001
breast_cancer,knn,1,0.9736842105263158,0.9712773998488284
breast_cancer,random_forest,1,0.956140350877193,0.9526381387619444
breast_cancer,decision_tree,2,0.956140350877193,0.9526381387619444
breast_cancer,knn,2,0.9824561403508771,0.9809555629802873
breast_cancer,random_forest,2,0.9824561403508771,0.9809555629802873
breast_cancer,decision_tree,3,0.9385964912280702,0.9329805996472662
breast_cancer,knn,3,0.9736842105263158,0.9712773998488284
breast_cancer,random_forest,3,0.9736842105263158,0.9715828832571666
breast_cancer,decision_tree,4,0.8771929824561403,0.8714975845410629
breast_cancer,knn,4,0.9824561403508771,0.9809555629802873
breast_cancer,random_forest,4,0.9824561403508771,0.9809555629802873
breast_cancer,decision_tree,5,0.9298245614035088,0.9265700483091788
breast_cancer,knn,5,0.9736842105263158,0.9718634306869601
breast_cancer,random_forest,5,0.9649122807017544,0.9623015873015872
breast_cancer,decision_tree,6,0.9649122807017544,0.9626596790042581
breast_cancer,knn,6,0.9824561403508771,0.9811507936507937
breast_cancer,random_forest,6,0.9649122807017544,0.9623015873015872
breast_cancer,decision_tree,7,0.9298245614035088,0.9259740259740259
breast_cancer,knn,7,0.9824561403508771,0.9809555629802873
breast_cancer,random_forest,7,0.956140350877193,0.9531057178116001
breast_cancer,decision_tree,8,0.8771929824561403,0.8693088765149034
breast_cancer,knn,8,0.9736842105263158,0.9712773998488284
breast_cancer,random_forest,8,0.9736842105263158,0.9715828832571666
breast_cancer,decision_tree,9,0.9385964912280702,0.9349474199070678
breast_cancer,knn,9,0.9912280701754386,0.9905276277523889
breast_cancer,random_forest,9,0.9736842105263158,0.9718634306869601
breast_cancer,decision_tree,10,0.9385964912280702,0.9349474199070678
breast_cancer,knn,10,0.9736842105263158,0.9715828832571666
breast_cancer,random_forest,10,0.9473684210526315,0.9439895185063871
breast_cancer,decision_tree,11,0.8947368421052632,0.885733377881724
breast_cancer,knn,11,0.9473684210526315,0.9422297297297297
breast_cancer,random_forest,11,0.9649122807017544,0.9614864864864865
breast_cancer,decision_tree,12,0.868421052631579,0.8628378920349724
breast_cancer,knn,12,0.9736842105263158,0.9715828832571666
breast_cancer,random_forest,12,0.956140350877193,0.9531057178116001
breast_cancer,decision_tree,13,0.9210526315789473,0.9155902920608803
breast_cancer,knn,13,0.9824561403508771,0.9811507936507937
breast_cancer,random_forest,13,0.9473684210526315,0.942866688940862
breast_cancer,decision_tree,14,0.956140350877193,0.9526381387619444
breast_cancer,knn,14,0.9736842105263158,0.9712773998488284
breast_cancer,random_forest,14,0.9824561403508771,0.9809555629802873
breast_cancer,decision_tree,15,0.9736842105263158,0.9712773998488284
breast_cancer,knn,15,0.9649122807017544,0.9614864864864865
breast_cancer,random_forest,15,0.9736842105263158,0.9715828832571666
breast_cancer,decision_tree,16,0.8947368421052632,0.8869047619047619
breast_cancer,knn,16,0.9649122807017544,0.9619111259605746
breast_cancer,random_forest,16,0.9473684210526315,0.9422297297297297
breast_cancer,decision_tree,17,0.9736842105263158,0.9718634306869601
breast_cancer,knn,17,0.9824561403508771,0.9809555629802873
breast_cancer,random_forest,17,0.9736842105263158,0.9718634306869601
breast_cancer,decision_tree,18,0.9122807017543859,0.9047778149014367
breast_cancer,knn,18,0.9298245614035088,0.922972972972973
breast_cancer,random_forest,18,0.9649122807017544,0.9619111259605746
breast_cancer,decision_tree,19,0.9473684210526315,0.9434523809523809
breast_cancer,knn,19,0.9912280701754386,0.9905276277523889
breast_cancer,random_forest,19,0.9912280701754386,0.9905276277523889
breast_cancer,decision_tree,20,0.9122807017543859,0.9074675324675325
breast_cancer,knn,20,0.956140350877193,0.9526381387619444
breast_cancer,random_forest,20,0.956140350877193,0.9526381387619444
breast_cancer,decision_tree,21,0.9473684210526315,0.9434523809523809
breast_cancer,knn,21,0.9824561403508771,0.9809555629802873
breast_cancer,random_forest,21,0.956140350877193,0.9526381387619444
breast_cancer,decision_tree,22,0.868421052631579,0.8606016140865738
breast_cancer,knn,22,0.9385964912280702,0.9329805996472662
breast_cancer,random_forest,22,0.9473684210526315,0.942866688940862
breast_cancer,decision_tree,23,0.9122807017543859,0.9066491975106452
breast_cancer,knn,23,0.9649122807017544,0.9623015873015872
breast_cancer,random_forest,23,0.9736842105263158,0.9712773998488284
breast_cancer,decision_tree,24,0.8859649122807017,0.8780748663101604
breast_cancer,knn,24,0.9649122807017544,0.9614864864864865
breast_cancer,random_forest,24,0.9473684210526315,0.942866688940862
breast_cancer,decision_tree,25,0.9385964912280702,0.933693394266722
breast_cancer,knn,25,0.9649122807017544,0.9614864864864865
breast_cancer,random_forest,25,0.9473684210526315,0.9439895185063871
breast_cancer,decision_tree,26,0.956140350877193,0.9535338713621913
breast_cancer,knn,26,0.9824561403508771,0.9809555629802873
breast_cancer,random_forest,26,0.9473684210526315,0.9434523809523809
breast_cancer,decision_tree,27,0.956140350877193,0.9531057178116001
breast_cancer,knn,27,0.9736842105263158,0.9715828832571666
breast_cancer,random_forest,27,0.9385964912280702,0.9343480049362403
breast_cancer,decision_tree,28,0.956140350877193,0.9531057178116001
breast_cancer,knn,28,0.9649122807017544,0.9623015873015872
breast_cancer,random_forest,28,0.9824561403508771,0.9811507936507937
breast_cancer,decision_tree,29,0.9473684210526315,0.9439895185063871
breast_cancer,knn,29,0.9824561403508771,0.9809555629802873
breast_cancer,random_forest,29,0.956140350877193,0.9526381387619444
breast_cancer,decision_tree,30,0.9473684210526315,0.9434523809523809
breast_cancer,knn,30,0.9736842105263158,0.9712773998488284
breast_cancer,random_forest,30,0.9649122807017544,0.9619111259605746
breast_cancer,decision_tree,31,0.8947368421052632,0.885733377881724
breast_cancer,knn,31,0.9649122807017544,0.9614864864864865
breast_cancer,random_forest,31,0.9649122807017544,0.9619111259605746
breast_cancer,decision_tree,32,0.9385964912280702,0.9343480049362403
breast_cancer,knn,32,0.956140350877193,0.9521289997480473
breast_cancer,random_forest,32,0.9649122807017544,0.9626596790042581
breast_cancer,decision_tree,33,0.9649122807017544,0.9626596790042581
breast_cancer,knn,33,0.9824561403508771,0.9811507936507937
breast_cancer,random_forest,33,0.9824561403508771,0.981329839502129
breast_cancer,decision_tree,34,0.8859649122807017,0.8819593787335722
breast_cancer,knn,34,0.9824561403508771,0.9811507936507937
breast_cancer,random_forest,34,0.9210526315789473,0.9170641015277665
breast_cancer,decision_tree,35,0.9210526315789473,0.9147486497714998
breast_cancer,knn,35,0.9912280701754386,0.9905276277523889
breast_cancer,random_forest,35,0.9912280701754386,0.9905276277523889
breast_cancer,decision_tree,36,0.9035087719298246,0.8934669951575906
breast_cancer,knn,36,0.9473684210526315,0.942866688940862
breast_cancer,random_forest,36,0.9649122807017544,0.9623015873015872
breast_cancer,decision_tree,37,0.9473684210526315,0.9444805194805195
breast_cancer,knn,37,0.9736842105263158,0.9715828832571666
breast_cancer,random_forest,37,0.9824561403508771,0.981329839502129
breast_cancer,decision_tree,38,0.9385964912280702,0.933693394266722
breast_cancer,knn,38,0.956140350877193,0.951575906889814
breast_cancer,random_forest,38,0.9473684210526315,0.942866688940862
breast_cancer,decision_tree,39,0.956140350877193,0.9521289997480473
breast_cancer,knn,39,0.9649122807017544,0.9614864864864865
breast_cancer,random_forest,39,0.9649122807017544,0.9619111259605746
breast_cancer,decision_tree,40,0.9649122807017544,0.9626596790042581
breast_cancer,knn,40,0.9912280701754386,0.9905276277523889
breast_cancer,random_forest,40,0.9912280701754386,0.9905276277523889
breast_cancer,decision_tree,41,0.9298245614035088,0.9253193580085162
breast_cancer,knn,41,0.9736842105263158,0.9715828832571666
breast_cancer,random_forest,41,0.9298245614035088,0.9253193580085162
breast_cancer,decision_tree,42,0.9122807017543859,0.9074675324675325
breast_cancer,knn,42,0.956140350877193,0.9526381387619444
breast_cancer,random_forest,42,0.956140350877193,0.9526381387619444
breast_cancer,decision_tree,43,0.9473684210526315,0.9415384615384615
breast_cancer,knn,43,0.9298245614035088,0.9220512820512821
breast_cancer,random_forest,43,0.9298245614035088,0.9238222519211494
breast_cancer,decision_tree,44,0.956140350877193,0.9535338713621913
breast_cancer,knn,44,0.9736842105263158,0.9721203228173148
breast_cancer,random_forest,44,0.9824561403508771,0.9811507936507937
breast_cancer,decision_tree,45,0.9122807017543859,0.9057539682539683
breast_cancer,knn,45,0.956140350877193,0.9521289997480473
breast_cancer,random_forest,45,0.9385964912280702,0.9343480049362403
breast_cancer,decision_tree,46,0.9210526315789473,0.9147486497714998
breast_cancer,knn,46,0.956140350877193,0.9526381387619444
breast_cancer,random_forest,46,0.9736842105263158,0.9715828832571666
breast_cancer,decision_tree,47,0.8771929824561403,0.8693088765149034
breast_cancer,knn,47,0.9649122807017544,0.9619111259605746
breast_cancer,random_forest,47,0.9385964912280702,0.9329805996472662
breast_cancer,decision_tree,48,0.956140350877193,0.9531057178116001
breast_cancer,knn,48,0.9736842105263158,0.9715828832571666
breast_cancer,random_forest,48,0.956140350877193,0.9531057178116001
breast_cancer,decision_tree,49,0.956140350877193,0.9526381387619444
breast_cancer,knn,49,0.9649122807017544,0.9619111259605746
breast_cancer,random_forest,49,0.9473684210526315,0.942866688940862
breast_cancer,decision_tree,50,0.9649122807017544,0.9619111259605746
breast_cancer,knn,50,0.956140350877193,0.9521289997480473
breast_cancer,random_forest,50,0.9649122807017544,0.9623015873015872
breast_cancer,decision_tree,51,0.9385964912280702,0.9349474199070678
breast_cancer,knn,51,0.956140350877193,0.9526381387619444
breast_cancer,random_forest,51,0.956140350877193,0.9531057178116001
breast_cancer,decision_tree,52,0.9649122807017544,0.9619111259605746
breast_cancer,knn,52,0.9736842105263158,0.9712773998488284
breast_cancer,random_forest,52,0.9736842105263158,0.9718634306869601
breast_cancer,decision_tree,53,0.9122807017543859,0.9066491975106452
breast_cancer,knn,53,1.0,1.0
breast_cancer,random_forest,53,0.956140350877193,0.9535338713621913
breast_cancer,decision_tree,54,0.956140350877193,0.9531057178116001
breast_cancer,knn,54,0.9649122807017544,0.9619111259605746
breast_cancer,random_forest,54,0.9649122807017544,0.9626596790042581
breast_cancer,decision_tree,55,0.9298245614035088,0.9238222519211494
breast_cancer,knn,55,0.9473684210526315,0.942866688940862
breast_cancer,random_forest,55,0.9473684210526315,0.942866688940862
breast_cancer,decision_tree,56,0.9210526315789473,0.9155902920608803
breast_cancer,knn,56,0.9473684210526315,0.9422297297297297
breast_cancer,random_forest,56,0.9649122807017544,0.9623015873015872
breast_cancer,decision_tree,57,0.9210526315789473,0.9138321995464853
breast_cancer,knn,57,0.9824561403508771,0.9809555629802873
breast_cancer,random_forest,57,0.9736842105263158,0.9712773998488284
breast_cancer,decision_tree,58,0.9035087719298246,0.8958039052762775
breast_cancer,knn,58,0.9298245614035088,0.9210526315789473
breast_cancer,random_forest,58,0.9473684210526315,0.9422297297297297
breast_cancer,decision_tree,59,0.9035087719298246,0.8968325791855204
breast_cancer,knn,59,0.956140350877193,0.951575906889814
breast_cancer,random_forest,59,0.9473684210526315,0.9439895185063871
breast_cancer,decision_tree,60,0.9473684210526315,0.9439895185063871
breast_cancer,knn,60,0.9649122807017544,0.9623015873015872
breast_cancer,random_forest,60,0.9649122807017544,0.9626596790042581
breast_cancer,decision_tree,61,0.9298245614035088,0.9220512820512821
breast_cancer,knn,61,0.9473684210526315,0.9415384615384615
breast_cancer,random_forest,61,0.9298245614035088,0.9238222519211494
breast_cancer,decision_tree,62,0.9473684210526315,0.9444805194805195
breast_cancer,knn,62,0.9649122807017544,0.9619111259605746
breast_cancer,random_forest,62,0.956140350877193,0.9531057178116001
breast_cancer,decision_tree,63,0.9385964912280702,0.9322062696457395
breast_cancer,knn,63,0.9649122807017544,0.9623015873015872
breast_cancer,random_forest,63,0.9824561403508771,0.9811507936507937
breast_cancer,decision_tree,64,0.9298245614035088,0.9253193580085162
breast_cancer,knn,64,0.9649122807017544,0.9614864864864865
breast_cancer,random_forest,64,0.9649122807017544,0.9614864864864865
breast_cancer,decision_tree,65,0.956140350877193,0.9535338713621913
breast_cancer,knn,65,0.9473684210526315,0.942866688940862
breast_cancer,random_forest,65,0.9736842105263158,0.9715828832571666
breast_cancer,decision_tree,66,0.9473684210526315,0.9439895185063871
breast_cancer,knn,66,0.9473684210526315,0.942866688940862
breast_cancer,random_forest,66,0.9649122807017544,0.9614864864864865
breast_cancer,decision_tree,67,0.9298245614035088,0.9246031746031746
breast_cancer,knn,67,0.9473684210526315,0.9415384615384615
breast_cancer,random_forest,67,0.9385964912280702,0.933693394266722
breast_cancer,decision_tree,68,0.956140350877193,0.9521289997480473
breast_cancer,knn,68,0.9649122807017544,0.9614864864864865
breast_cancer,random_forest,68,0.956140350877193,0.9526381387619444
breast_cancer,decision_tree,69,0.9210526315789473,0.9155902920608803
breast_cancer,knn,69,0.9736842105263158,0.9712773998488284
breast_cancer,random_forest,69,0.9736842105263158,0.9721203228173148
breast_cancer,decision_tree,70,0.9210526315789473,0.9138321995464853
breast_cancer,knn,70,0.9649122807017544,0.9619111259605746
breast_cancer,random_forest,70,0.9385964912280702,0.9322062696457395
breast_cancer,decision_tree,71,0.9035087719298246,0.8968325791855204
breast_cancer,knn,71,0.956140350877193,0.9521289997480473
breast_cancer,random_forest,71,0.9385964912280702,0.9343480049362403
breast_cancer,decision_tree,72,0.9385964912280702,0.9343480049362403
breast_cancer,knn,72,0.9649122807017544,0.9623015873015872
breast_cancer,random_forest,72,0.9824561403508771,0.981329839502129
breast_cancer,decision_tree,73,0.868421052631579,0.8628378920349724
breast_cancer,knn,73,0.956140350877193,0.951575906889814
breast_cancer,random_forest,73,0.9473684210526315,0.9434523809523809
breast_cancer,decision_tree,74,0.9035087719298246,0.8958039052762775
breast_cancer,knn,74,0.9649122807017544,0.9614864864864865
breast_cancer,random_forest,74,0.9649122807017544,0.9619111259605746
breast_cancer,decision_tree,75,0.9035087719298246,0.8958039052762775
breast_cancer,knn,75,0.956140350877193,0.9521289997480473
breast_cancer,random_forest,75,0.956140350877193,0.9531057178116001
breast_cancer,decision_tree,76,0.9385964912280702,0.933693394266722
breast_cancer,knn,76,0.9649122807017544,0.9619111259605746
breast_cancer,random_forest,76,0.9649122807017544,0.9614864864864865
breast_cancer,decision_tree,77,0.9035087719298246,0.8977745169968208
breast_cancer,knn,77,0.956140350877193,0.9526381387619444
breast_cancer,random_forest,77,0.9298245614035088,0.9253193580085162
breast_cancer,decision_tree,78,0.956140350877193,0.9526381387619444
breast_cancer,knn,78,0.9912280701754386,0.9905276277523889
breast_cancer,random_forest,78,0.9736842105263158,0.9715828832571666
breast_cancer,decision_tree,79,0.9210526315789473,0.9147486497714998
breast_cancer,knn,79,0.9649122807017544,0.9614864864864865
breast_cancer,random_forest,79,0.9736842105263158,0.9712773998488284
breast_cancer,decision_tree,80,0.956140350877193,0.9531057178116001
breast_cancer,knn,80,0.9736842105263158,0.9715828832571666
breast_cancer,random_forest,80,0.9824561403508771,0.9811507936507937
breast_cancer,decision_tree,81,0.9385964912280702,0.9354943011882628
breast_cancer,knn,81,0.9912280701754386,0.9905276277523889
breast_cancer,random_forest,81,0.9824561403508771,0.9811507936507937
breast_cancer,decision_tree,82,0.9210526315789473,0.9147486497714998
breast_cancer,knn,82,0.9649122807017544,0.9614864864864865
breast_cancer,random_forest,82,0.956140350877193,0.9521289997480473
breast_cancer,decision_tree,83,0.9649122807017544,0.9623015873015872
breast_cancer,knn,83,0.9736842105263158,0.9712773998488284
breast_cancer,random_forest,83,0.9736842105263158,0.9712773998488284
breast_cancer,decision_tree,84,0.9298245614035088,0.9238222519211494
breast_cancer,knn,84,0.9649122807017544,0.9614864864864865
breast_cancer,random_forest,84,0.9649122807017544,0.9619111259605746
breast_cancer,decision_tree,85,0.956140350877193,0.9531057178116001
breast_cancer,knn,85,0.9824561403508771,0.9809555629802873
breast_cancer,random_forest,85,0.9385964912280702,0.9349474199070678
breast_cancer,decision_tree,86,0.9210526315789473,0.9170641015277665
breast_cancer,knn,86,0.956140350877193,0.9531057178116001
breast_cancer,random_forest,86,0.9824561403508771,0.9811507936507937
breast_cancer,decision_tree,87,0.9473684210526315,0.9444805194805195
breast_cancer,knn,87,0.9649122807017544,0.9614864864864865
breast_cancer,random_forest,87,0.9736842105263158,0.9715828832571666
breast_cancer,decision_tree,88,0.9473684210526315,0.9444805194805195
breast_cancer,knn,88,0.9824561403508771,0.9811507936507937
breast_cancer,random_forest,88,0.9649122807017544,0.9623015873015872
breast_cancer,decision_tree,89,0.9473684210526315,0.942866688940862
breast_cancer,knn,89,0.956140350877193,0.9526381387619444
breast_cancer,random_forest,89,0.9649122807017544,0.9623015873015872
breast_cancer,decision_tree,90,0.956140350877193,0.9531057178116001
breast_cancer,knn,90,0.9736842105263158,0.9712773998488284
breast_cancer,random_forest,90,0.9736842105263158,0.9718634306869601
breast_cancer,decision_tree,91,0.8947368421052632,0.885733377881724
breast_cancer,knn,91,0.9298245614035088,0.9238222519211494
breast_cancer,random_forest,91,0.9298245614035088,0.9238222519211494
breast_cancer,decision_tree,92,0.9736842105263158,0.9715828832571666
breast_cancer,knn,92,0.956140350877193,0.9521289997480473
breast_cancer,random_forest,92,0.9649122807017544,0.9623015873015872
breast_cancer,decision_tree,93,0.9473684210526315,0.942866688940862
breast_cancer,knn,93,0.9912280701754386,0.9905276277523889
breast_cancer,random_forest,93,0.9912280701754386,0.9905276277523889
breast_cancer,decision_tree,94,0.9298245614035088,0.9238222519211494
breast_cancer,knn,94,0.956140350877193,0.951575906889814
breast_cancer,random_forest,94,0.9649122807017544,0.9619111259605746
breast_cancer,decision_tree,95,0.9298245614035088,0.9238222519211494
breast_cancer,knn,95,0.956140350877193,0.951575906889814
breast_cancer,random_forest,95,0.956140350877193,0.9521289997480473
breast_cancer,decision_tree,96,0.9035087719298246,0.8994144541589797
breast_cancer,knn,96,0.9649122807017544,0.9614864864864865
breast_cancer,random_forest,96,0.9473684210526315,0.9439895185063871
breast_cancer,decision_tree,97,0.8859649122807017,0.8791880655416973
breast_cancer,knn,97,0.9649122807017544,0.9619111259605746
breast_cancer,random_forest,97,0.9736842105263158,0.9718634306869601
breast_cancer,decision_tree,98,0.9473684210526315,0.9434523809523809
breast_cancer,knn,98,0.9736842105263158,0.9715828832571666
breast_cancer,random_forest,98,0.9824561403508771,0.9809555629802873
breast_cancer,decision_tree,99,0.9035087719298246,0.8934669951575906
breast_cancer,knn,99,0.9385964912280702,0.9322062696457395
breast_cancer,random_forest,99,0.9473684210526315,0.942866688940862
breast_cancer,decision_tree,100,0.9649122807017544,0.9619111259605746
breast_cancer,knn,100,0.956140350877193,0.9521289997480473
breast_cancer,random_forest,100,0.9736842105263158,0.9715828832571666
raisin,decision_tree,1,0.7888888888888889,0.7886540600667409
raisin,knn,1,0.8444444444444444,0.8441365660564077
raisin,random_forest,1,0.8666666666666667,0.8660714285714286
raisin,decision_tree,2,0.8277777777777777,0.8277724621130282
raisin,knn,2,0.8777777777777778,0.8777173913043479
raisin,random_forest,2,0.8611111111111112,0.8609007449537882
raisin,decision_tree,3,0.7833333333333333,0.7831660231660231
raisin,knn,3,0.8111111111111111,0.8110177865612648
raisin,random_forest,3,0.8388888888888889,0.8388441233676021
raisin,decision_tree,4,0.8055555555555556,0.8055015282022784
raisin,knn,4,0.8555555555555555,0.85526966848095
raisin,random_forest,4,0.8555555555555555,0.8553948832035595
raisin,decision_tree,5,0.7888888888888889,0.7888628225706877
raisin,knn,5,0.8222222222222222,0.821870361207323
raisin,random_forest,5,0.8444444444444444,0.8442714126807565
raisin,decision_tree,6,0.8388888888888889,0.8388441233676021
raisin,knn,6,0.8722222222222222,0.8721867185329257
raisin,random_forest,6,0.8722222222222222,0.8722182783419241
raisin,decision_tree,7,0.8111111111111111,0.8110177865612648
raisin,knn,7,0.8555555555555555,0.8549107142857143
raisin,random_forest,7,0.8333333333333334,0.8328173374613003
raisin,decision_tree,8,0.8388888888888889,0.8387644787644788
raisin,knn,8,0.8555555555555555,0.8554841897233202
raisin,random_forest,8,0.9,0.899888765294772
raisin,decision_tree,9,0.8333333333333334,0.8330034636318655
raisin,knn,9,0.8277777777777777,0.8277299249791609
raisin,random_forest,9,0.8277777777777777,0.8277724621130282
raisin,decision_tree,10,0.7722222222222223,0.7722151918269082
raisin,knn,10,0.8166666666666667,0.8163889833390003
raisin,random_forest,10,0.8166666666666667,0.8163889833390003
raisin,decision_tree,11,0.8333333333333334,0.8330034636318655
raisin,knn,11,0.85,0.8499953702274762
raisin,random_forest,11,0.8666666666666667,0.8666666666666667
raisin,decision_tree,12,0.7777777777777778,0.7777503395480924
raisin,knn,12,0.8388888888888889,0.8384851016429964
raisin,random_forest,12,0.8555555555555555,0.855108359133127
raisin,decision_tree,13,0.7888888888888889,0.7888888888888889
raisin,knn,13,0.8611111111111112,0.8610725201444845
raisin,random_forest,13,0.8722222222222222,0.872028685357485
raisin,decision_tree,14,0.8055555555555556,0.8055015282022784
raisin,knn,14,0.8444444444444444,0.8444252376836646
raisin,random_forest,14,0.8722222222222222,0.8721867185329257
raisin,decision_tree,15,0.7944444444444444,0.7942857142857143
raisin,knn,15,0.8444444444444444,0.8439628482972137
raisin,random_forest,15,0.8388888888888889,0.8386448641463943
raisin,decision_tree,16,0.8055555555555556,0.8045360057087897
raisin,knn,16,0.8111111111111111,0.8105263157894738
raisin,random_forest,16,0.8111111111111111,0.8096067695370832
raisin,decision_tree,17,0.8388888888888889,0.8388441233676021
raisin,knn,17,0.8611111111111112,0.8610038610038611
raisin,random_forest,17,0.8777777777777778,0.8776418242491657
raisin,decision_tree,18,0.8,0.7993808049535603
raisin,knn,18,0.8166666666666667,0.8166157265907197
raisin,random_forest,18,0.8333333333333334,0.8333127546610692
raisin,decision_tree,19,0.8111111111111111,0.8110177865612648
raisin,knn,19,0.8555555555555555,0.85526966848095
raisin,random_forest,19,0.8611111111111112,0.8605904767805694
raisin,decision_tree,20,0.7833333333333333,0.783273131425396
raisin,knn,20,0.8722222222222222,0.8721867185329257
raisin,random_forest,20,0.8611111111111112,0.8610725201444845
raisin,decision_tree,21,0.7777777777777778,0.7773379515091539
raisin,knn,21,0.8611111111111112,0.8601398601398602
raisin,random_forest,21,0.8333333333333334,0.8333333333333334
raisin,decision_tree,22,0.7888888888888889,0.7888888888888889
raisin,knn,22,0.8388888888888889,0.8387644787644788
raisin,random_forest,22,0.8611111111111112,0.8607630186577555
raisin,decision_tree,23,0.8277777777777777,0.8277724621130282
raisin,knn,23,0.8388888888888889,0.8388441233676021
raisin,random_forest,23,0.8666666666666667,0.8664027709054923
raisin,decision_tree,24,0.8277777777777777,0.8276447876447877
raisin,knn,24,0.8555555555555555,0.85526966848095
raisin,random_forest,24,0.8777777777777778,0.8775358733300347
raisin,decision_tree,25,0.8444444444444444,0.84375
raisin,knn,25,0.8944444444444445,0.8944411864563722
raisin,random_forest,25,0.9,0.899888765294772
raisin,decision_tree,26,0.8444444444444444,0.8443675889328064
raisin,knn,26,0.8555555555555555,0.8554841897233202
raisin,random_forest,26,0.8555555555555555,0.8555555555555555
raisin,decision_tree,27,0.8055555555555556,0.8050682261208577
raisin,knn,27,0.8944444444444445,0.8944151153098083
raisin,random_forest,27,0.9,0.9
raisin,decision_tree,28,0.75,0.7477499922145059
raisin,knn,28,0.8277777777777777,0.8277724621130282
raisin,random_forest,28,0.8333333333333334,0.8332509881422925
raisin,decision_tree,29,0.8055555555555556,0.8052610429353034
raisin,knn,29,0.8666666666666667,0.8660714285714286
raisin,random_forest,29,0.8666666666666667,0.8662538699690403
raisin,decision_tree,30,0.8222222222222222,0.8222222222222222
raisin,knn,30,0.8722222222222222,0.8722182783419241
raisin,random_forest,30,0.8944444444444445,0.8944151153098083
raisin,decision_tree,31,0.8111111111111111,0.8109010011123471
raisin,knn,31,0.8277777777777777,0.8277724621130282
raisin,random_forest,31,0.8555555555555555,0.8555555555555555
raisin,decision_tree,32,0.8888888888888888,0.8887652947719689
raisin,knn,32,0.8722222222222222,0.8719019771651351
raisin,random_forest,32,0.8611111111111112,0.8609007449537882
raisin,decision_tree,33,0.8166666666666667,0.8165250965250965
raisin,knn,33,0.8444444444444444,0.8444252376836646
raisin,random_forest,33,0.8388888888888889,0.8388839161702522
raisin,decision_tree,34,0.8,0.799901185770751
raisin,knn,34,0.8277777777777777,0.8268747479134995
raisin,random_forest,34,0.85,0.849437714923015
raisin,decision_tree,35,0.8277777777777777,0.8275169237426974
raisin,knn,35,0.8555555555555555,0.855108359133127
raisin,random_forest,35,0.8277777777777777,0.8275169237426974
raisin,decision_tree,36,0.8166666666666667,0.8166157265907197
raisin,knn,36,0.8444444444444444,0.8444252376836646
raisin,random_forest,36,0.85,0.8499583217560434
raisin,decision_tree,37,0.7777777777777778,0.7760079641612743
raisin,knn,37,0.8833333333333333,0.883329732399148
raisin,random_forest,37,0.8555555555555555,0.85553772070626
raisin,decision_tree,38,0.8555555555555555,0.855108359133127
raisin,knn,38,0.8666666666666667,0.8658551732704012
raisin,random_forest,38,0.8944444444444445,0.8938909745276287
raisin,decision_tree,39,0.8444444444444444,0.8442714126807565
raisin,knn,39,0.8777777777777778,0.8777626867514507
raisin,random_forest,39,0.8777777777777778,0.8777777777777778
raisin,decision_tree,40,0.8055555555555556,0.8054054054054054
raisin,knn,40,0.8555555555555555,0.8554841897233202
raisin,random_forest,40,0.85,0.8498841698841699
raisin,decision_tree,41,0.8555555555555555,0.8555555555555555
raisin,knn,41,0.8666666666666667,0.866600790513834
raisin,random_forest,41,0.8777777777777778,0.8777626867514507
raisin,decision_tree,42,0.8444444444444444,0.84375
raisin,knn,42,0.8611111111111112,0.8601398601398602
raisin,random_forest,42,0.8666666666666667,0.8658551732704012
raisin,decision_tree,43,0.8333333333333334,0.8332509881422925
raisin,knn,43,0.8833333333333333,0.883329732399148
raisin,random_forest,43,0.8611111111111112,0.8611068242847002
raisin,decision_tree,44,0.8666666666666667,0.8666666666666667
raisin,knn,44,0.8888888888888888,0.8886689757545769
raisin,random_forest,44,0.9,0.899888765294772
raisin,decision_tree,45,0.7666666666666667,0.766637856525497
raisin,knn,45,0.8111111111111111,0.8105263157894738
raisin,random_forest,45,0.8277777777777777,0.8273461431356168
raisin,decision_tree,46,0.85,0.849624060150376
raisin,knn,46,0.8444444444444444,0.84375
raisin,random_forest,46,0.8666666666666667,0.8658551732704012
raisin,decision_tree,47,0.8055555555555556,0.8055015282022784
raisin,knn,47,0.8555555555555555,0.8554841897233202
raisin,random_forest,47,0.85,0.8498841698841699
raisin,decision_tree,48,0.7611111111111111,0.7605123920913395
raisin,knn,48,0.8722222222222222,0.872028685357485
raisin,random_forest,48,0.8444444444444444,0.8443675889328064
raisin,decision_tree,49,0.7722222222222223,0.7722151918269082
raisin,knn,49,0.8,0.7999753055932831
raisin,random_forest,49,0.8222222222222222,0.8221343873517787
raisin,decision_tree,50,0.8,0.7987827599056018
raisin,knn,50,0.85,0.8499953702274762
raisin,random_forest,50,0.85,0.8499583217560434
raisin,decision_tree,51,0.7777777777777778,0.7773379515091539
raisin,knn,51,0.8388888888888889,0.8384851016429964
raisin,random_forest,51,0.8222222222222222,0.8216718266253871
raisin,decision_tree,52,0.8277777777777777,0.8275169237426974
raisin,knn,52,0.8611111111111112,0.8609007449537882
raisin,random_forest,52,0.8666666666666667,0.866600790513834
raisin,decision_tree,53,0.8166666666666667,0.8162071846282373
raisin,knn,53,0.8444444444444444,0.8432055749128919
raisin,random_forest,53,0.8555555555555555,0.8544051767048282
raisin,decision_tree,54,0.8444444444444444,0.8444444444444444
raisin,knn,54,0.8722222222222222,0.8721235521235522
raisin,random_forest,54,0.9,0.8999505928853755
raisin,decision_tree,55,0.8277777777777777,0.8277724621130282
raisin,knn,55,0.85,0.849437714923015
raisin,random_forest,55,0.8944444444444445,0.8943629343629345
raisin,decision_tree,56,0.7777777777777778,0.7776679841897234
raisin,knn,56,0.8333333333333334,0.8330034636318655
raisin,random_forest,56,0.8666666666666667,0.866600790513834
raisin,decision_tree,57,0.85,0.8499953702274762
raisin,knn,57,0.8222222222222222,0.821870361207323
raisin,random_forest,57,0.8555555555555555,0.8549107142857143
raisin,decision_tree,58,0.8,0.7999753055932831
raisin,knn,58,0.8722222222222222,0.8717432386381239
raisin,random_forest,58,0.8333333333333334,0.8328173374613003
raisin,decision_tree,59,0.8333333333333334,0.8331479421579533
raisin,knn,59,0.8611111111111112,0.8610038610038611
raisin,random_forest,59,0.8222222222222222,0.8220244716351501
raisin,decision_tree,60,0.7888888888888889,0.7884710539336962
raisin,knn,60,0.8555555555555555,0.8549107142857143
raisin,random_forest,60,0.8611111111111112,0.8607630186577555
raisin,decision_tree,61,0.8,0.8
raisin,knn,61,0.8666666666666667,0.8664027709054923
raisin,random_forest,61,0.8666666666666667,0.866600790513834
raisin,decision_tree,62,0.8055555555555556,0.8045360057087897
raisin,knn,62,0.8722222222222222,0.871552232322919
raisin,random_forest,62,0.8722222222222222,0.8717432386381239
raisin,decision_tree,63,0.8333333333333334,0.8331479421579533
raisin,knn,63,0.8388888888888889,0.8382849530654606
raisin,random_forest,63,0.8666666666666667,0.8665183537263625
raisin,decision_tree,64,0.7888888888888889,0.7888888888888889
raisin,knn,64,0.8333333333333334,0.8330034636318655
raisin,random_forest,64,0.8777777777777778,0.8777173913043479
raisin,decision_tree,65,0.8,0.7984071677451469
raisin,knn,65,0.8555555555555555,0.8554841897233202
raisin,random_forest,65,0.8833333333333333,0.883329732399148
raisin,decision_tree,66,0.8,0.8
raisin,knn,66,0.8333333333333334,0.8330034636318655
raisin,random_forest,66,0.8888888888888888,0.8885448916408669
raisin,decision_tree,67,0.85,0.8498841698841699
raisin,knn,67,0.8777777777777778,0.8773993808049536
raisin,random_forest,67,0.8888888888888888,0.8886689757545769
raisin,decision_tree,68,0.8,0.7996041563582384
raisin,knn,68,0.8555555555555555,0.85553772070626
raisin,random_forest,68,0.8388888888888889,0.8384851016429964
raisin,decision_tree,69,0.8166666666666667,0.8157053768111445
raisin,knn,69,0.8666666666666667,0.8666502037288555
raisin,random_forest,69,0.8944444444444445,0.8944151153098083
raisin,decision_tree,70,0.8277777777777777,0.8277724621130282
raisin,knn,70,0.8833333333333333,0.883156625761182
raisin,random_forest,70,0.8833333333333333,0.883329732399148
raisin,decision_tree,71,0.8166666666666667,0.8166157265907197
raisin,knn,71,0.8055555555555556,0.8055015282022784
raisin,random_forest,71,0.8444444444444444,0.8443675889328064
raisin,decision_tree,72,0.8055555555555556,0.8055495539985802
raisin,knn,72,0.8444444444444444,0.8444252376836646
raisin,random_forest,72,0.8388888888888889,0.8388839161702522
raisin,decision_tree,73,0.8055555555555556,0.8055495539985802
raisin,knn,73,0.8444444444444444,0.8442714126807565
raisin,random_forest,73,0.85,0.8499583217560434
raisin,decision_tree,74,0.7666666666666667,0.7664071190211346
raisin,knn,74,0.8388888888888889,0.8388839161702522
raisin,random_forest,74,0.8666666666666667,0.866600790513834
raisin,decision_tree,75,0.8166666666666667,0.8166610080558042
raisin,knn,75,0.8388888888888889,0.8386448641463943
raisin,random_forest,75,0.8777777777777778,0.8775358733300347
raisin,decision_tree,76,0.8222222222222222,0.8222222222222222
raisin,knn,76,0.8555555555555555,0.855108359133127
raisin,random_forest,76,0.8777777777777778,0.8773993808049536
raisin,decision_tree,77,0.8222222222222222,0.821870361207323
raisin,knn,77,0.85,0.8499583217560434
raisin,random_forest,77,0.8722222222222222,0.8722182783419241
raisin,decision_tree,78,0.8611111111111112,0.8611068242847002
raisin,knn,78,0.8777777777777778,0.8777626867514507
raisin,random_forest,78,0.9111111111111111,0.9110671936758893
raisin,decision_tree,79,0.8111111111111111,0.8111111111111111
raisin,knn,79,0.8611111111111112,0.8610038610038611
raisin,random_forest,79,0.85,0.8499953702274762
raisin,decision_tree,80,0.8166666666666667,0.8166610080558042
raisin,knn,80,0.8722222222222222,0.8721867185329257
raisin,random_forest,80,0.8666666666666667,0.8666666666666667
raisin,decision_tree,81,0.8055555555555556,0.8045360057087897
raisin,knn,81,0.8333333333333334,0.8331479421579533
raisin,random_forest,81,0.8555555555555555,0.85553772070626
raisin,decision_tree,82,0.8333333333333334,0.8333127546610692
raisin,knn,82,0.8166666666666667,0.8163889833390003
raisin,random_forest,82,0.8388888888888889,0.8388441233676021
raisin,decision_tree,83,0.8055555555555556,0.8055495539985802
raisin,knn,83,0.8833333333333333,0.8832432432432433
raisin,random_forest,83,0.8666666666666667,0.8666666666666667
raisin,decision_tree,84,0.7944444444444444,0.7936739056352426
raisin,knn,84,0.8611111111111112,0.8610038610038611
raisin,random_forest,84,0.8611111111111112,0.8610725201444845
raisin,decision_tree,85,0.8277777777777777,0.8277724621130282
raisin,knn,85,0.8555555555555555,0.8554841897233202
raisin,random_forest,85,0.8666666666666667,0.8665183537263625
raisin,decision_tree,86,0.8111111111111111,0.8110177865612648
raisin,knn,86,0.8555555555555555,0.85526966848095
raisin,random_forest,86,0.8722222222222222,0.872028685357485
raisin,decision_tree,87,0.7888888888888889,0.7887845849802371
raisin,knn,87,0.85,0.8498841698841699
raisin,random_forest,87,0.8611111111111112,0.8611068242847002
raisin,decision_tree,88,0.7722222222222223,0.7710278924017251
raisin,knn,88,0.9,0.8999505928853755
raisin,random_forest,88,0.8888888888888888,0.8887652947719689
raisin,decision_tree,89,0.8611111111111112,0.8610725201444845
raisin,knn,89,0.8444444444444444,0.8443675889328064
raisin,random_forest,89,0.8666666666666667,0.8662538699690403
raisin,decision_tree,90,0.7944444444444444,0.7944380999413563
raisin,knn,90,0.8666666666666667,0.8665183537263625
raisin,random_forest,90,0.8833333333333333,0.883156625761182
raisin,decision_tree,91,0.8444444444444444,0.8444252376836646
raisin,knn,91,0.8555555555555555,0.85526966848095
raisin,random_forest,91,0.8666666666666667,0.8665183537263625
raisin,decision_tree,92,0.7722222222222223,0.7722151918269082
raisin,knn,92,0.8388888888888889,0.8384851016429964
raisin,random_forest,92,0.8555555555555555,0.855108359133127
raisin,decision_tree,93,0.8388888888888889,0.8388839161702522
raisin,knn,93,0.8611111111111112,0.8609007449537882
raisin,random_forest,93,0.8888888888888888,0.8887652947719689
raisin,decision_tree,94,0.8111111111111111,0.8109010011123471
raisin,knn,94,0.8444444444444444,0.8441365660564077
raisin,random_forest,94,0.8666666666666667,0.866600790513834
raisin,decision_tree,95,0.8111111111111111,0.8107372587827808
raisin,knn,95,0.8,0.8
raisin,random_forest,95,0.8111111111111111,0.8111111111111111
raisin,decision_tree,96,0.7833333333333333,0.7833266458841321
raisin,knn,96,0.8166666666666667,0.8159794293503516
raisin,random_forest,96,0.8,0.799901185770751
raisin,decision_tree,97,0.7944444444444444,0.7944380999413563
raisin,knn,97,0.8611111111111112,0.8609007449537882
raisin,random_forest,97,0.8555555555555555,0.85526966848095
raisin,decision_tree,98,0.8388888888888889,0.8384851016429964
raisin,knn,98,0.85,0.8499953702274762
raisin,random_forest,98,0.8611111111111112,0.8610725201444845
raisin,decision_tree,99,0.8444444444444444,0.8444252376836646
raisin,knn,99,0.8611111111111112,0.8610038610038611
raisin,random_forest,99,0.8777777777777778,0.8777173913043479
raisin,decision_tree,100,0.8,0.8
raisin,knn,100,0.8388888888888889,0.8384851016429964
raisin,random_forest,100,0.8666666666666667,0.866600790513834
