seed,accuracy,accuracy_percent
1,0.9444444444444444,94.44444444444444
2,0.9444444444444444,94.44444444444444
3,0.9166666666666666,91.66666666666666
4,0.9444444444444444,94.44444444444444
5,0.8055555555555556,80.55555555555556
6,0.8611111111111112,86.11111111111111
7,0.8888888888888888,88.88888888888889
8,0.9722222222222222,97.22222222222221
9,0.8888888888888888,88.88888888888889
10,0.9166666666666666,91.66666666666666
11,0.9166666666666666,91.66666666666666
12,0.9444444444444444,94.44444444444444
13,0.9166666666666666,91.66666666666666
14,0.9166666666666666,91.66666666666666
15,0.9166666666666666,91.66666666666666
16,0.9444444444444444,94.44444444444444
17,0.9444444444444444,94.44444444444444
18,0.9166666666666666,91.66666666666666
19,0.9166666666666666,91.66666666666666
20,0.8888888888888888,88.88888888888889
21,0.9444444444444444,94.44444444444444
22,0.8888888888888888,88.88888888888889
23,0.8611111111111112,86.11111111111111
24,0.8888888888888888,88.88888888888889
25,0.8333333333333334,83.33333333333334
26,0.8611111111111112,86.11111111111111
27,0.8888888888888888,88.88888888888889
28,0.9444444444444444,94.44444444444444
29,0.9722222222222222,97.22222222222221
30,0.8888888888888888,88.88888888888889
